0, 1852
0, 337, 325, 0, 1, 0
1, 337, 325, 0, 1, 0
2, 337, 325, 0, 1, 0
3, 337, 325, 0, 1, 0
4, 337, 325, 0, 1, 0
5, 337, 325, 0, 1, 0
6, 337, 325, 0, 1, 0
7, 337, 325, 0, 1, 0
8, 337, 325, 0, 1, 0
9, 337, 325, 0, 1, 0
10, 337, 325, 0, 1, 0
11, 337, 325, 0, 1, 0
12, 337, 325, 0, 1, 0
13, 337, 325, 0, 1, 0
14, 337, 325, 0, 1, 0
15, 337, 325, 0, 1, 0
16, 337, 325, 0, 1, 0
17, 337, 325, 0, 1, 0
18, 337, 325, 0, 1, 0
19, 337, 325, 0, 1, 0
20, 337, 325, 0, 1, 0
21, 337, 325, 0, 1, 0
22, 337, 325, 0, 1, 0
23, 337, 325, 0, 1, 0
24, 337, 325, 0, 1, 0
25, 337, 325, 0, 1, 0
26, 337, 325, 0, 1, 0
27, 338, 325, 0, 1, 0
28, 337, 325, 0, 1, 0
29, 337, 325, 0, 1, 0
30, 338, 325, 0, 1, 0
31, 338, 325, 0, 1, 0
32, 337, 325, 0, 1, 0
33, 337, 325, 0, 1, 0
34, 338, 325, 1, 1, 0
35, 337, 325, 0, 1, 0
36, 337, 326, 0, 1, 0
37, 337, 326, 0, 1, 0
38, 337, 326, 0, 1, 0
39, 337, 326, 1, 1, 0
40, 337, 326, 1, 1, 0
41, 337, 326, 0, 1, 0
42, 337, 326, 1, 1, 0
43, 337, 326, 0, 1, 0
44, 337, 326, 1, 1, 0
45, 337, 326, 0, 1, 0
46, 337, 326, 0, 1, 0
47, 337, 326, 0, 1, 0
48, 337, 326, 0, 1, 0
49, 337, 326, 0, 1, 0
50, 337, 326, 0, 1, 0
51, 337, 326, 0, 1, 0
52, 337, 326, 0, 1, 0
53, 337, 326, 0, 1, 0
54, 337, 326, 0, 1, 0
55, 338, 326, 1, 1, 0
56, 337, 326, 0, 1, 0
57, 338, 326, 1, 1, 0
58, 338, 326, 1, 1, 0
59, 338, 326, 1, 1, 0
60, 338, 326, 1, 1, 0
61, 338, 326, 1, 1, 0
62, 338, 326, 1, 1, 0
63, 338, 326, 1, 1, 0
64, 338, 326, 1, 1, 0
65, 338, 326, 1, 1, 0
66, 338, 326, 1, 1, 0
67, 337, 327, 0, 1, 0
68, 337, 326, 0, 1, 0
69, 337, 327, 0, 1, 0
70, 337, 327, 1, 1, 0
71, 337, 326, 0, 1, 0
72, 337, 326, 0, 1, 0
73, 337, 327, 0, 1, 0
74, 337, 327, 0, 1, 0
75, 337, 327, 0, 1, 0
76, 337, 327, 0, 1, 0
77, 337, 327, 0, 1, 0
78, 337, 326, 0, 1, 0
79, 338, 327, 1, 1, 0
80, 338, 327, 0, 1, 0
81, 338, 327, 0, 1, 0
82, 338, 327, 1, 1, 0
83, 338, 327, 0, 1, 0
84, 338, 327, 0, 1, 0
85, 338, 327, 0, 1, 0
86, 338, 327, 0, 1, 0
87, 338, 327, 0, 1, 0
88, 338, 328, 0, 1, 0
89, 338, 327, 0, 1, 0
90, 338, 327, 0, 1, 0
91, 338, 327, 0, 1, 0
92, 338, 327, 0, 1, 0
93, 338, 328, 0, 1, 0
94, 338, 328, 359, 1, 0
95, 338, 328, 0, 1, 0
96, 338, 328, 0, 1, 0
97, 338, 328, 359, 1, 0
98, 338, 328, 359, 1, 0
99, 338, 328, 359, 1, 0
100, 338, 328, 359, 1, 0
101, 338, 328, 359, 1, 0
102, 338, 328, 359, 1, 0
103, 338, 328, 359, 1, 0
104, 338, 328, 359, 1, 0
105, 338, 328, 359, 1, 0
106, 338, 328, 359, 1, 0
107, 338, 328, 359, 1, 0
108, 338, 328, 359, 1, 0
109, 338, 328, 359, 1, 0
110, 338, 328, 359, 1, 0
111, 338, 328, 359, 1, 0
112, 338, 328, 359, 1, 0
113, 338, 328, 359, 1, 0
114, 338, 328, 359, 1, 0
115, 338, 328, 359, 1, 0
116, 338, 328, 359, 1, 0
117, 338, 329, 359, 1, 0
118, 338, 328, 359, 1, 0
119, 338, 329, 359, 1, 0
120, 338, 329, 359, 1, 0
121, 338, 329, 359, 1, 0
122, 338, 329, 359, 1, 0
123, 338, 329, 359, 1, 0
124, 338, 328, 359, 1, 0
125, 338, 329, 359, 1, 0
126, 339, 329, 359, 1, 0
127, 339, 329, 359, 1, 0
128, 338, 328, 358, 1, 0
129, 338, 329, 359, 1, 0
130, 339, 329, 359, 1, 0
131, 339, 329, 358, 1, 0
132, 338, 329, 358, 1, 0
133, 339, 329, 359, 1, 0
134, 339, 329, 359, 1, 0
135, 339, 329, 359, 1, 0
136, 339, 329, 359, 1, 0
137, 339, 329, 358, 1, 0
138, 338, 329, 358, 1, 0
139, 338, 329, 358, 1, 0
140, 338, 329, 358, 1, 0
141, 338, 329, 358, 1, 0
142, 338, 330, 358, 1, 0
143, 338, 330, 358, 1, 0
144, 338, 330, 358, 1, 0
145, 338, 330, 358, 1, 0
146, 338, 330, 357, 1, 0
147, 338, 330, 358, 1, 0
148, 338, 330, 358, 1, 0
149, 338, 330, 358, 1, 0
150, 338, 330, 358, 1, 0
151, 338, 330, 358, 1, 0
152, 338, 330, 357, 1, 0
153, 338, 330, 358, 1, 0
154, 338, 330, 358, 1, 0
155, 338, 330, 358, 1, 0
156, 338, 330, 357, 1, 0
157, 339, 330, 358, 1, 0
158, 339, 330, 358, 1, 0
159, 339, 330, 358, 1, 0
160, 339, 330, 358, 1, 0
161, 339, 330, 358, 1, 0
162, 339, 330, 358, 1, 0
163, 339, 330, 358, 1, 0
164, 339, 330, 358, 1, 0
165, 339, 330, 358, 1, 0
166, 339, 330, 358, 1, 0
167, 339, 330, 358, 1, 0
168, 339, 330, 358, 1, 0
169, 339, 331, 358, 1, 0
170, 338, 331, 357, 1, 0
171, 339, 331, 358, 1, 0
172, 339, 331, 357, 1, 0
173, 339, 331, 357, 1, 0
174, 339, 331, 357, 1, 0
175, 339, 331, 357, 1, 0
176, 339, 331, 357, 1, 0
177, 339, 331, 357, 1, 0
178, 339, 331, 357, 1, 0
179, 339, 331, 357, 1, 0
180, 339, 331, 356, 1, 0
181, 339, 331, 357, 1, 0
182, 339, 331, 357, 1, 0
183, 339, 331, 356, 1, 0
184, 339, 331, 356, 1, 0
185, 339, 331, 356, 1, 0
186, 339, 331, 356, 1, 0
187, 339, 331, 356, 1, 0
188, 339, 331, 356, 1, 0
189, 339, 331, 356, 1, 0
190, 339, 331, 356, 1, 0
191, 339, 331, 356, 1, 0
192, 339, 331, 355, 1, 0
193, 339, 331, 356, 1, 0
194, 339, 332, 355, 1, 0
195, 339, 331, 355, 1, 0
196, 339, 332, 355, 1, 0
197, 339, 332, 355, 1, 0
198, 339, 332, 355, 1, 0
199, 339, 332, 355, 1, 0
200, 339, 332, 355, 1, 0
201, 339, 332, 354, 1, 0
202, 339, 332, 355, 1, 0
203, 339, 332, 354, 1, 0
204, 339, 332, 354, 1, 0
205, 339, 332, 354, 1, 0
206, 339, 332, 354, 1, 0
207, 339, 332, 354, 1, 0
208, 339, 332, 354, 1, 0
209, 339, 332, 354, 1, 0
210, 340, 332, 354, 1, 0
211, 340, 332, 354, 1, 0
212, 340, 332, 354, 1, 0
213, 340, 332, 354, 1, 0
214, 340, 332, 354, 1, 0
215, 340, 332, 354, 1, 0
216, 340, 332, 354, 1, 0
217, 340, 332, 354, 1, 0
218, 340, 332, 354, 1, 0
219, 340, 332, 354, 1, 0
220, 340, 332, 354, 1, 0
221, 340, 332, 354, 1, 0
222, 340, 332, 354, 1, 0
223, 340, 332, 354, 1, 0
224, 340, 332, 354, 1, 0
225, 340, 332, 354, 1, 0
226, 340, 332, 354, 1, 0
227, 340, 332, 354, 1, 0
228, 340, 332, 354, 1, 0
229, 340, 332, 354, 1, 0
230, 340, 332, 354, 1, 0
231, 340, 332, 354, 1, 0
232, 340, 332, 354, 1, 0
233, 340, 332, 354, 1, 0
234, 341, 332, 354, 1, 0
235, 341, 332, 354, 1, 0
236, 341, 332, 354, 1, 0
237, 340, 332, 354, 1, 0
238, 341, 332, 354, 1, 0
239, 341, 332, 354, 1, 0
240, 341, 332, 354, 1, 0
241, 341, 332, 354, 1, 0
242, 341, 332, 354, 1, 0
243, 341, 332, 354, 1, 0
244, 341, 332, 354, 1, 0
245, 341, 332, 354, 1, 0
246, 341, 332, 354, 1, 0
247, 341, 332, 354, 1, 0
248, 341, 332, 354, 1, 0
249, 341, 333, 354, 1, 0
250, 341, 332, 354, 1, 0
251, 341, 332, 353, 1, 0
252, 341, 333, 354, 1, 0
253, 341, 332, 354, 1, 0
254, 341, 332, 354, 1, 0
255, 341, 332, 354, 1, 0
256, 341, 332, 354, 1, 0
257, 341, 332, 354, 1, 0
258, 341, 332, 354, 1, 0
259, 341, 333, 353, 1, 0
260, 342, 333, 354, 1, 0
261, 342, 333, 354, 1, 0
262, 342, 333, 354, 1, 0
263, 342, 333, 354, 1, 0
264, 342, 333, 354, 1, 0
265, 342, 333, 354, 1, 0
266, 342, 333, 354, 1, 0
267, 342, 333, 354, 1, 0
268, 342, 333, 354, 1, 0
269, 342, 333, 354, 1, 0
270, 342, 333, 354, 1, 0
271, 342, 333, 354, 1, 0
272, 342, 333, 354, 1, 0
273, 342, 333, 354, 1, 0
274, 342, 333, 354, 1, 0
275, 342, 333, 354, 1, 0
276, 342, 333, 354, 1, 0
277, 342, 333, 353, 1, 0
278, 342, 333, 353, 1, 0
279, 342, 333, 353, 1, 0
280, 342, 333, 353, 1, 0
281, 342, 333, 353, 1, 0
282, 342, 333, 353, 1, 0
283, 342, 333, 353, 1, 0
284, 342, 333, 353, 1, 0
285, 342, 333, 353, 1, 0
286, 342, 333, 353, 1, 0
287, 342, 333, 353, 1, 0
288, 342, 333, 353, 1, 0
289, 342, 333, 353, 1, 0
290, 342, 333, 353, 1, 0
291, 342, 333, 353, 1, 0
292, 342, 334, 353, 1, 0
293, 342, 333, 353, 1, 0
294, 342, 333, 353, 1, 0
295, 342, 333, 353, 1, 0
296, 342, 334, 353, 1, 0
297, 342, 334, 353, 1, 0
298, 342, 333, 353, 1, 0
299, 342, 333, 353, 1, 0
300, 342, 334, 353, 1, 0
301, 342, 334, 353, 1, 0
302, 343, 333, 353, 1, 0
303, 343, 333, 353, 1, 0
304, 343, 333, 353, 1, 0
305, 343, 334, 353, 1, 0
306, 343, 334, 353, 1, 0
307, 343, 334, 353, 1, 0
308, 343, 334, 353, 1, 0
309, 343, 334, 353, 1, 0
310, 343, 334, 353, 1, 0
311, 343, 334, 353, 1, 0
312, 343, 334, 353, 1, 0
313, 343, 334, 353, 1, 0
314, 342, 334, 353, 1, 0
315, 342, 334, 353, 1, 0
316, 342, 334, 353, 1, 0
317, 342, 334, 352, 1, 0
318, 342, 334, 352, 1, 0
319, 342, 334, 352, 1, 0
320, 342, 334, 353, 1, 0
321, 342, 334, 352, 1, 0
322, 342, 334, 353, 1, 0
323, 342, 334, 352, 1, 0
324, 342, 334, 352, 1, 0
325, 342, 334, 353, 1, 0
326, 342, 334, 353, 1, 0
327, 342, 335, 353, 1, 0
328, 342, 334, 352, 1, 0
329, 342, 335, 353, 1, 0
330, 342, 334, 353, 1, 0
331, 342, 335, 353, 1, 0
332, 342, 335, 353, 1, 0
333, 342, 335, 353, 1, 0
334, 342, 335, 353, 1, 0
335, 342, 335, 353, 1, 0
336, 342, 335, 353, 1, 0
337, 342, 335, 353, 1, 0
338, 342, 335, 353, 1, 0
339, 342, 335, 353, 1, 0
340, 342, 335, 353, 1, 0
341, 342, 335, 353, 1, 0
342, 342, 335, 353, 1, 0
343, 342, 335, 353, 1, 0
344, 342, 336, 353, 1, 0
345, 342, 336, 353, 1, 0
346, 342, 336, 353, 1, 0
347, 342, 336, 353, 1, 0
348, 341, 336, 352, 1, 0
349, 341, 336, 352, 1, 0
350, 341, 336, 352, 1, 0
351, 341, 336, 352, 1, 0
352, 341, 336, 352, 1, 0
353, 341, 336, 352, 1, 0
354, 341, 336, 352, 1, 0
355, 341, 336, 352, 1, 0
356, 341, 336, 352, 1, 0
357, 341, 336, 352, 1, 0
358, 341, 337, 352, 1, 0
359, 341, 336, 352, 1, 0
360, 341, 337, 352, 1, 0
361, 341, 337, 352, 1, 0
362, 341, 337, 352, 1, 0
363, 341, 337, 352, 1, 0
364, 341, 337, 352, 1, 0
365, 341, 337, 352, 1, 0
366, 341, 337, 351, 1, 0
367, 341, 337, 351, 1, 0
368, 341, 337, 351, 1, 0
369, 341, 337, 351, 1, 0
370, 341, 337, 351, 1, 0
371, 341, 337, 351, 1, 0
372, 341, 337, 351, 1, 0
373, 341, 337, 351, 1, 0
374, 341, 337, 352, 1, 0
375, 341, 338, 352, 1, 0
376, 341, 337, 351, 1, 0
377, 341, 337, 351, 1, 0
378, 341, 337, 351, 1, 0
379, 341, 338, 352, 1, 0
380, 340, 338, 351, 1, 0
381, 341, 337, 351, 1, 0
382, 340, 337, 351, 1, 0
383, 340, 338, 351, 1, 0
384, 340, 338, 351, 1, 0
385, 340, 338, 351, 1, 0
386, 340, 338, 351, 1, 0
387, 340, 338, 351, 1, 0
388, 340, 338, 351, 1, 0
389, 340, 338, 351, 1, 0
390, 340, 338, 351, 1, 0
391, 340, 338, 351, 1, 0
392, 340, 338, 351, 1, 0
393, 340, 338, 351, 1, 0
394, 340, 338, 351, 1, 0
395, 340, 338, 351, 1, 0
396, 340, 338, 351, 1, 0
397, 340, 338, 351, 1, 0
398, 340, 338, 351, 1, 0
399, 340, 339, 351, 1, 0
400, 340, 339, 351, 1, 0
401, 340, 339, 351, 1, 0
402, 340, 339, 351, 1, 0
403, 340, 339, 351, 1, 0
404, 340, 339, 351, 1, 0
405, 340, 339, 351, 1, 0
406, 340, 339, 351, 1, 0
407, 341, 339, 351, 1, 0
408, 341, 339, 351, 1, 0
409, 341, 339, 351, 1, 0
410, 341, 339, 351, 1, 0
411, 341, 339, 351, 1, 0
412, 341, 339, 351, 1, 0
413, 341, 339, 351, 1, 0
414, 341, 339, 351, 1, 0
415, 341, 339, 351, 1, 0
416, 341, 339, 351, 1, 0
417, 341, 339, 350, 1, 0
418, 341, 339, 351, 1, 0
419, 341, 339, 350, 1, 0
420, 341, 339, 350, 1, 0
421, 341, 339, 350, 1, 0
422, 341, 339, 350, 1, 0
423, 341, 339, 350, 1, 0
424, 341, 340, 350, 1, 0
425, 341, 340, 350, 1, 0
426, 341, 340, 350, 1, 0
427, 341, 340, 350, 1, 0
428, 341, 340, 350, 1, 0
429, 341, 340, 350, 1, 0
430, 341, 340, 350, 1, 0
431, 341, 340, 350, 1, 0
432, 341, 340, 350, 1, 0
433, 341, 340, 350, 1, 0
434, 341, 340, 350, 1, 0
435, 341, 340, 350, 1, 0
436, 341, 340, 349, 1, 0
437, 341, 340, 350, 1, 0
438, 341, 340, 350, 1, 0
439, 341, 340, 349, 1, 0
440, 341, 340, 350, 1, 0
441, 341, 340, 349, 1, 0
442, 341, 340, 349, 1, 0
443, 341, 340, 349, 1, 0
444, 341, 340, 349, 1, 0
445, 341, 340, 349, 1, 0
446, 341, 340, 349, 1, 0
447, 341, 340, 349, 1, 0
448, 341, 340, 349, 1, 0
449, 341, 340, 348, 1, 0
450, 341, 340, 348, 1, 0
451, 341, 340, 348, 1, 0
452, 341, 340, 348, 1, 0
453, 341, 340, 348, 1, 0
454, 341, 340, 348, 1, 0
455, 341, 340, 348, 1, 0
456, 341, 340, 349, 1, 0
457, 341, 340, 348, 1, 0
458, 341, 340, 349, 1, 0
459, 341, 340, 348, 1, 0
460, 341, 340, 349, 1, 0
461, 341, 340, 348, 1, 0
462, 341, 340, 348, 1, 0
463, 341, 340, 348, 1, 0
464, 341, 340, 348, 1, 0
465, 341, 340, 348, 1, 0
466, 341, 340, 348, 1, 0
467, 341, 340, 348, 1, 0
468, 341, 340, 348, 1, 0
469, 341, 340, 348, 1, 0
470, 341, 340, 349, 1, 0
471, 341, 340, 349, 1, 0
472, 341, 340, 349, 1, 0
473, 341, 339, 348, 1, 0
474, 341, 340, 348, 1, 0
475, 342, 340, 349, 1, 0
476, 341, 340, 348, 1, 0
477, 342, 340, 349, 1, 0
478, 342, 340, 348, 1, 0
479, 342, 340, 348, 1, 0
480, 342, 340, 348, 1, 0
481, 342, 340, 348, 1, 0
482, 342, 340, 348, 1, 0
483, 342, 340, 348, 1, 0
484, 342, 340, 348, 1, 0
485, 342, 340, 348, 1, 0
486, 342, 340, 348, 1, 0
487, 342, 340, 348, 1, 0
488, 342, 340, 348, 1, 0
489, 342, 340, 348, 1, 0
490, 342, 340, 348, 1, 0
491, 342, 340, 348, 1, 0
492, 342, 340, 348, 1, 0
493, 342, 340, 348, 1, 0
494, 342, 340, 348, 1, 0
495, 342, 340, 348, 1, 0
496, 342, 340, 348, 1, 0
497, 342, 340, 348, 1, 0
498, 342, 340, 348, 1, 0
499, 342, 340, 348, 1, 0
500, 343, 340, 348, 1, 0
501, 343, 340, 348, 1, 0
502, 342, 340, 348, 1, 0
503, 342, 340, 347, 1, 0
504, 342, 340, 348, 1, 0
505, 343, 340, 348, 1, 0
506, 343, 340, 348, 1, 0
507, 343, 340, 348, 1, 0
508, 343, 340, 348, 1, 0
509, 343, 340, 348, 1, 0
510, 343, 340, 348, 1, 0
511, 343, 340, 348, 1, 0
512, 343, 340, 348, 1, 0
513, 343, 340, 348, 1, 0
514, 343, 340, 348, 1, 0
515, 343, 340, 348, 1, 0
516, 343, 340, 348, 1, 0
517, 343, 340, 348, 1, 0
518, 343, 341, 348, 1, 0
519, 343, 340, 348, 1, 0
520, 343, 340, 348, 1, 0
521, 343, 341, 348, 1, 0
522, 343, 340, 348, 1, 0
523, 343, 341, 348, 1, 0
524, 343, 340, 348, 1, 0
525, 343, 341, 348, 1, 0
526, 343, 341, 348, 1, 0
527, 343, 341, 348, 1, 0
528, 343, 341, 348, 1, 0
529, 343, 341, 348, 1, 0
530, 343, 341, 348, 1, 0
531, 343, 341, 347, 1, 0
532, 343, 341, 347, 1, 0
533, 343, 341, 347, 1, 0
534, 343, 341, 347, 1, 0
535, 343, 341, 347, 1, 0
536, 343, 341, 347, 1, 0
537, 343, 341, 347, 1, 0
538, 343, 341, 347, 1, 0
539, 343, 341, 347, 1, 0
540, 343, 341, 347, 1, 0
541, 343, 341, 347, 1, 0
542, 343, 341, 347, 1, 0
543, 343, 341, 347, 1, 0
544, 343, 341, 347, 1, 0
545, 343, 341, 347, 1, 0
546, 343, 341, 347, 1, 0
547, 343, 341, 346, 1, 0
548, 343, 341, 347, 1, 0
549, 343, 342, 347, 1, 0
550, 343, 341, 347, 1, 0
551, 343, 341, 346, 1, 0
552, 343, 341, 347, 1, 0
553, 343, 341, 346, 1, 0
554, 343, 341, 347, 1, 0
555, 343, 341, 347, 1, 0
556, 343, 341, 347, 1, 0
557, 343, 341, 347, 1, 0
558, 343, 341, 347, 1, 0
559, 343, 341, 347, 1, 0
560, 343, 341, 347, 1, 0
561, 344, 341, 347, 1, 0
562, 344, 341, 347, 1, 0
563, 344, 341, 347, 1, 0
564, 344, 341, 347, 1, 0
565, 344, 341, 347, 1, 0
566, 344, 341, 347, 1, 0
567, 344, 341, 347, 1, 0
568, 344, 341, 347, 1, 0
569, 344, 341, 347, 1, 0
570, 344, 341, 347, 1, 0
571, 344, 341, 347, 1, 0
572, 344, 341, 347, 1, 0
573, 344, 342, 347, 1, 0
574, 344, 341, 347, 1, 0
575, 344, 341, 347, 1, 0
576, 344, 341, 347, 1, 0
577, 344, 341, 347, 1, 0
578, 344, 342, 347, 1, 0
579, 344, 342, 347, 1, 0
580, 344, 341, 347, 1, 0
581, 344, 342, 347, 1, 0
582, 344, 342, 347, 1, 0
583, 345, 341, 348, 1, 0
584, 345, 341, 348, 1, 0
585, 345, 341, 347, 1, 0
586, 345, 341, 347, 1, 0
587, 345, 341, 347, 1, 0
588, 345, 342, 347, 1, 0
589, 345, 341, 347, 1, 0
590, 345, 341, 347, 1, 0
591, 345, 341, 347, 1, 0
592, 345, 341, 347, 1, 0
593, 345, 341, 346, 1, 0
594, 345, 341, 347, 1, 0
595, 345, 341, 347, 1, 0
596, 345, 341, 347, 1, 0
597, 345, 341, 347, 1, 0
598, 345, 341, 347, 1, 0
599, 345, 341, 347, 1, 0
600, 345, 341, 347, 1, 0
601, 345, 341, 346, 1, 0
602, 345, 341, 346, 1, 0
603, 345, 341, 346, 1, 0
604, 345, 341, 346, 1, 0
605, 345, 341, 346, 1, 0
606, 345, 341, 346, 1, 0
607, 345, 341, 346, 1, 0
608, 345, 341, 346, 1, 0
609, 345, 341, 346, 1, 0
610, 345, 341, 346, 1, 0
611, 345, 341, 346, 1, 0
612, 345, 341, 346, 1, 0
613, 345, 341, 346, 1, 0
614, 345, 341, 346, 1, 0
615, 345, 341, 346, 1, 0
616, 345, 341, 346, 1, 0
617, 345, 341, 346, 1, 0
618, 345, 341, 346, 1, 0
619, 345, 341, 346, 1, 0
620, 345, 341, 345, 1, 0
621, 346, 341, 345, 1, 0
622, 345, 341, 345, 1, 0
623, 346, 341, 345, 1, 0
624, 346, 341, 345, 1, 0
625, 346, 341, 345, 1, 0
626, 346, 341, 346, 1, 0
627, 346, 341, 345, 1, 0
628, 346, 341, 346, 1, 0
629, 346, 341, 345, 1, 0
630, 346, 341, 345, 1, 0
631, 346, 341, 346, 1, 0
632, 346, 341, 346, 1, 0
633, 346, 341, 346, 1, 0
634, 346, 341, 346, 1, 0
635, 346, 341, 346, 1, 0
636, 346, 341, 345, 1, 0
637, 346, 341, 345, 1, 0
638, 346, 341, 345, 1, 0
639, 347, 341, 346, 1, 0
640, 347, 341, 346, 1, 0
641, 347, 341, 346, 1, 0
642, 347, 341, 346, 1, 0
643, 347, 341, 346, 1, 0
644, 347, 341, 346, 1, 0
645, 347, 341, 346, 1, 0
646, 347, 341, 346, 1, 0
647, 347, 341, 346, 1, 0
648, 347, 341, 346, 1, 0
649, 347, 341, 346, 1, 0
650, 347, 341, 346, 1, 0
651, 347, 341, 346, 1, 0
652, 347, 341, 346, 1, 0
653, 347, 341, 346, 1, 0
654, 347, 341, 346, 1, 0
655, 347, 341, 346, 1, 0
656, 347, 341, 346, 1, 0
657, 347, 341, 346, 1, 0
658, 347, 341, 346, 1, 0
659, 347, 341, 346, 1, 0
660, 348, 341, 346, 1, 0
661, 348, 341, 346, 1, 0
662, 348, 341, 346, 1, 0
663, 348, 341, 346, 1, 0
664, 348, 341, 346, 1, 0
665, 348, 341, 346, 1, 0
666, 348, 341, 346, 1, 0
667, 348, 341, 346, 1, 0
668, 348, 342, 346, 1, 0
669, 348, 341, 346, 1, 0
670, 348, 341, 346, 1, 0
671, 348, 341, 346, 1, 0
672, 348, 341, 346, 1, 0
673, 348, 341, 346, 1, 0
674, 348, 341, 346, 1, 0
675, 348, 341, 346, 1, 0
676, 348, 341, 346, 1, 0
677, 348, 341, 346, 1, 0
678, 348, 341, 346, 1, 0
679, 348, 341, 346, 1, 0
680, 348, 341, 346, 1, 0
681, 348, 341, 346, 1, 0
682, 348, 341, 346, 1, 0
683, 348, 341, 346, 1, 0
684, 348, 341, 346, 1, 0
685, 348, 341, 346, 1, 0
686, 348, 341, 345, 1, 0
687, 348, 341, 345, 1, 0
688, 348, 341, 346, 1, 0
689, 348, 341, 345, 1, 0
690, 348, 341, 345, 1, 0
691, 348, 341, 346, 1, 0
692, 348, 341, 345, 1, 0
693, 348, 341, 346, 1, 0
694, 348, 341, 346, 1, 0
695, 348, 341, 346, 1, 0
696, 348, 341, 346, 1, 0
697, 348, 341, 346, 1, 0
698, 348, 341, 346, 1, 0
699, 348, 341, 346, 1, 0
700, 348, 341, 346, 1, 0
701, 348, 341, 346, 1, 0
702, 348, 341, 345, 1, 0
703, 348, 341, 345, 1, 0
704, 348, 341, 345, 1, 0
705, 348, 342, 345, 1, 0
706, 348, 341, 345, 1, 0
707, 348, 341, 345, 1, 0
708, 348, 341, 345, 1, 0
709, 348, 341, 345, 1, 0
710, 348, 342, 345, 1, 0
711, 348, 342, 345, 1, 0
712, 348, 342, 345, 1, 0
713, 348, 341, 345, 1, 0
714, 348, 341, 345, 1, 0
715, 348, 342, 345, 1, 0
716, 348, 341, 345, 1, 0
717, 348, 341, 345, 1, 0
718, 348, 341, 345, 1, 0
719, 348, 341, 345, 1, 0
720, 348, 341, 345, 1, 0
721, 348, 341, 345, 1, 0
722, 348, 342, 345, 1, 0
723, 348, 342, 345, 1, 0
724, 348, 341, 345, 1, 0
725, 348, 342, 345, 1, 0
726, 348, 342, 346, 1, 0
727, 348, 342, 346, 1, 0
728, 348, 342, 345, 1, 0
729, 348, 342, 345, 1, 0
730, 348, 342, 345, 1, 0
731, 348, 342, 345, 1, 0
732, 348, 342, 346, 1, 0
733, 348, 342, 346, 1, 0
734, 348, 342, 346, 1, 0
735, 348, 342, 345, 1, 0
736, 348, 342, 346, 1, 0
737, 348, 342, 346, 1, 0
738, 348, 342, 346, 1, 0
739, 348, 342, 346, 1, 0
740, 348, 342, 346, 1, 0
741, 348, 342, 345, 1, 0
742, 348, 342, 345, 1, 0
743, 348, 342, 345, 1, 0
744, 348, 342, 345, 1, 0
745, 348, 342, 345, 1, 0
746, 348, 342, 345, 1, 0
747, 348, 342, 345, 1, 0
748, 348, 342, 345, 1, 0
749, 348, 342, 345, 1, 0
750, 348, 342, 345, 1, 0
751, 348, 342, 345, 1, 0
752, 348, 342, 346, 1, 0
753, 348, 342, 345, 1, 0
754, 348, 342, 345, 1, 0
755, 348, 343, 345, 1, 0
756, 348, 342, 345, 1, 0
757, 348, 342, 345, 1, 0
758, 348, 343, 346, 1, 0
759, 348, 343, 345, 1, 0
760, 348, 343, 345, 1, 0
761, 348, 343, 345, 1, 0
762, 348, 343, 345, 1, 0
763, 348, 343, 345, 1, 0
764, 348, 343, 345, 1, 0
765, 348, 343, 345, 1, 0
766, 348, 343, 345, 1, 0
767, 348, 343, 345, 1, 0
768, 348, 343, 345, 1, 0
769, 348, 343, 345, 1, 0
770, 348, 343, 345, 1, 0
771, 348, 343, 345, 1, 0
772, 348, 343, 345, 1, 0
773, 348, 343, 345, 1, 0
774, 348, 343, 345, 1, 0
775, 348, 343, 345, 1, 0
776, 348, 343, 345, 1, 0
777, 348, 343, 345, 1, 0
778, 348, 343, 345, 1, 0
779, 348, 343, 345, 1, 0
780, 348, 343, 345, 1, 0
781, 348, 343, 345, 1, 0
782, 348, 343, 345, 1, 0
783, 348, 343, 345, 1, 0
784, 348, 343, 345, 1, 0
785, 348, 343, 345, 1, 0
786, 348, 343, 345, 1, 0
787, 348, 344, 345, 1, 0
788, 348, 343, 345, 1, 0
789, 348, 343, 345, 1, 0
790, 348, 343, 345, 1, 0
791, 348, 344, 345, 1, 0
792, 348, 344, 345, 1, 0
793, 348, 344, 345, 1, 0
794, 348, 344, 345, 1, 0
795, 348, 344, 344, 1, 0
796, 348, 344, 344, 1, 0
797, 348, 344, 344, 1, 0
798, 348, 344, 344, 1, 0
799, 348, 344, 344, 1, 0
800, 348, 344, 344, 1, 0
801, 348, 344, 344, 1, 0
802, 348, 344, 344, 1, 0
803, 348, 344, 344, 1, 0
804, 348, 344, 344, 1, 0
805, 348, 344, 344, 1, 0
806, 348, 344, 344, 1, 0
807, 348, 344, 344, 1, 0
808, 348, 344, 344, 1, 0
809, 348, 344, 344, 1, 0
810, 348, 344, 344, 1, 0
811, 348, 344, 344, 1, 0
812, 348, 344, 344, 1, 0
813, 348, 344, 344, 1, 0
814, 348, 344, 343, 1, 0
815, 348, 344, 344, 1, 0
816, 348, 344, 343, 1, 0
817, 348, 344, 344, 1, 0
818, 348, 345, 343, 1, 0
819, 348, 345, 343, 1, 0
820, 348, 345, 343, 1, 0
821, 348, 345, 343, 1, 0
822, 348, 345, 343, 1, 0
823, 348, 345, 343, 1, 0
824, 348, 345, 343, 1, 0
825, 348, 345, 344, 1, 0
826, 348, 345, 343, 1, 0
827, 348, 345, 343, 1, 0
828, 348, 345, 343, 1, 0
829, 348, 345, 343, 1, 0
830, 348, 345, 343, 1, 0
831, 348, 345, 343, 1, 0
832, 348, 345, 343, 1, 0
833, 348, 345, 343, 1, 0
834, 348, 345, 343, 1, 0
835, 348, 345, 343, 1, 0
836, 348, 346, 343, 1, 0
837, 348, 345, 344, 1, 0
838, 348, 345, 344, 1, 0
839, 348, 346, 343, 1, 0
840, 348, 346, 343, 1, 0
841, 348, 345, 343, 1, 0
842, 348, 346, 343, 1, 0
843, 348, 346, 343, 1, 0
844, 348, 345, 344, 1, 0
845, 348, 346, 343, 1, 0
846, 348, 346, 343, 1, 0
847, 348, 346, 343, 1, 0
848, 348, 346, 343, 1, 0
849, 348, 346, 343, 1, 0
850, 348, 346, 343, 1, 0
851, 348, 346, 343, 1, 0
852, 348, 346, 344, 1, 0
853, 348, 345, 344, 1, 0
854, 348, 346, 344, 1, 0
855, 348, 346, 344, 1, 0
856, 348, 346, 344, 1, 0
857, 348, 345, 344, 1, 0
858, 348, 345, 344, 1, 0
859, 348, 346, 344, 1, 0
860, 348, 346, 343, 1, 0
861, 348, 346, 344, 1, 0
862, 348, 346, 344, 1, 0
863, 348, 346, 344, 1, 0
864, 348, 346, 344, 1, 0
865, 348, 346, 344, 1, 0
866, 348, 346, 344, 1, 0
867, 348, 346, 344, 1, 0
868, 348, 346, 344, 1, 0
869, 348, 346, 344, 1, 0
870, 348, 346, 344, 1, 0
871, 348, 346, 344, 1, 0
872, 348, 346, 344, 1, 0
873, 348, 346, 344, 1, 0
874, 348, 346, 344, 1, 0
875, 348, 346, 344, 1, 0
876, 348, 346, 344, 1, 0
877, 348, 346, 344, 1, 0
878, 348, 346, 344, 1, 0
879, 348, 346, 344, 1, 0
880, 348, 346, 344, 1, 0
881, 348, 346, 344, 1, 0
882, 348, 346, 344, 1, 0
883, 348, 346, 344, 1, 0
884, 348, 346, 344, 1, 0
885, 348, 346, 344, 1, 0
886, 348, 346, 344, 1, 0
887, 348, 346, 344, 1, 0
888, 348, 346, 344, 1, 0
889, 348, 346, 344, 1, 0
890, 347, 346, 343, 1, 0
891, 347, 346, 344, 1, 0
892, 347, 346, 344, 1, 0
893, 347, 346, 344, 1, 0
894, 347, 346, 344, 1, 0
895, 347, 346, 344, 1, 0
896, 347, 346, 343, 1, 0
897, 347, 346, 343, 1, 0
898, 347, 346, 343, 1, 0
899, 347, 346, 343, 1, 0
900, 347, 346, 344, 1, 0
901, 347, 346, 343, 1, 0
902, 347, 346, 343, 1, 0
903, 347, 346, 343, 1, 0
904, 347, 346, 343, 1, 0
905, 347, 346, 343, 1, 0
906, 347, 346, 343, 1, 0
907, 347, 346, 343, 1, 0
908, 347, 346, 343, 1, 0
909, 347, 346, 343, 1, 0
910, 347, 346, 343, 1, 0
911, 347, 346, 343, 1, 0
912, 347, 346, 343, 1, 0
913, 347, 346, 343, 1, 0
914, 347, 346, 343, 1, 0
915, 347, 346, 343, 1, 0
916, 347, 346, 343, 1, 0
917, 347, 346, 343, 1, 0
918, 347, 346, 343, 1, 0
919, 347, 346, 342, 1, 0
920, 347, 346, 342, 1, 0
921, 347, 346, 342, 1, 0
922, 346, 346, 342, 1, 0
923, 347, 346, 342, 1, 0
924, 347, 346, 342, 1, 0
925, 347, 346, 342, 1, 0
926, 346, 346, 342, 1, 0
927, 346, 346, 342, 1, 0
928, 347, 346, 342, 1, 0
929, 347, 346, 342, 1, 0
930, 347, 346, 342, 1, 0
931, 347, 346, 342, 1, 0
932, 347, 345, 342, 1, 0
933, 347, 345, 342, 1, 0
934, 347, 345, 342, 1, 0
935, 347, 346, 342, 1, 0
936, 347, 346, 342, 1, 0
937, 347, 346, 342, 1, 0
938, 347, 346, 342, 1, 0
939, 347, 346, 342, 1, 0
940, 347, 346, 341, 1, 0
941, 347, 346, 341, 1, 0
942, 347, 346, 341, 1, 0
943, 347, 346, 342, 1, 0
944, 347, 345, 341, 1, 0
945, 347, 346, 341, 1, 0
946, 347, 346, 341, 1, 0
947, 347, 345, 341, 1, 0
948, 347, 346, 341, 1, 0
949, 347, 346, 341, 1, 0
950, 347, 345, 341, 1, 0
951, 347, 346, 341, 1, 0
952, 347, 346, 341, 1, 0
953, 347, 345, 341, 1, 0
954, 347, 345, 341, 1, 0
955, 347, 346, 341, 1, 0
956, 347, 346, 341, 1, 0
957, 347, 346, 341, 1, 0
958, 347, 346, 341, 1, 0
959, 347, 345, 341, 1, 0
960, 347, 346, 341, 1, 0
961, 347, 346, 341, 1, 0
962, 347, 346, 341, 1, 0
963, 347, 346, 341, 1, 0
964, 347, 346, 341, 1, 0
965, 347, 346, 341, 1, 0
966, 347, 346, 341, 1, 0
967, 347, 346, 341, 1, 0
968, 347, 346, 341, 1, 0
969, 347, 346, 341, 1, 0
970, 347, 346, 341, 1, 0
971, 347, 346, 341, 1, 0
972, 347, 346, 341, 1, 0
973, 347, 346, 341, 1, 0
974, 347, 346, 341, 1, 0
975, 347, 346, 341, 1, 0
976, 347, 346, 341, 1, 0
977, 347, 346, 341, 1, 0
978, 347, 346, 341, 1, 0
979, 347, 346, 341, 1, 0
980, 347, 346, 341, 1, 0
981, 347, 346, 341, 1, 0
982, 347, 346, 341, 1, 0
983, 347, 346, 341, 1, 0
984, 347, 346, 341, 1, 0
985, 347, 346, 341, 1, 0
986, 347, 346, 341, 1, 0
987, 347, 346, 341, 1, 0
988, 347, 346, 341, 1, 0
989, 347, 346, 341, 1, 0
990, 347, 346, 341, 1, 0
991, 347, 346, 341, 1, 0
992, 347, 346, 341, 1, 0
993, 347, 346, 341, 1, 0
994, 347, 346, 341, 1, 0
995, 347, 346, 341, 1, 0
996, 347, 346, 341, 1, 0
997, 347, 346, 341, 1, 0
998, 347, 346, 341, 1, 0
999, 347, 346, 341, 1, 0
1000, 347, 346, 341, 1, 0
1001, 347, 346, 341, 1, 0
1002, 347, 346, 341, 1, 0
1003, 347, 346, 341, 1, 0
1004, 347, 346, 341, 1, 0
1005, 347, 346, 341, 1, 0
1006, 347, 346, 340, 1, 0
1007, 347, 346, 340, 1, 0
1008, 347, 346, 340, 1, 0
1009, 347, 346, 341, 1, 0
1010, 347, 346, 341, 1, 0
1011, 347, 346, 340, 1, 0
1012, 347, 346, 341, 1, 0
1013, 348, 346, 341, 1, 0
1014, 348, 346, 341, 1, 0
1015, 348, 346, 341, 1, 0
1016, 348, 346, 341, 1, 0
1017, 348, 346, 341, 1, 0
1018, 348, 346, 341, 1, 0
1019, 348, 346, 341, 1, 0
1020, 348, 346, 341, 1, 0
1021, 348, 346, 341, 1, 0
1022, 348, 346, 341, 1, 0
1023, 348, 346, 341, 1, 0
1024, 348, 346, 341, 1, 0
1025, 348, 346, 341, 1, 0
1026, 348, 346, 340, 1, 0
1027, 348, 347, 341, 1, 0
1028, 348, 347, 341, 1, 0
1029, 348, 347, 341, 1, 0
1030, 348, 347, 341, 1, 0
1031, 348, 347, 341, 1, 0
1032, 348, 347, 341, 1, 0
1033, 348, 347, 340, 1, 0
1034, 348, 347, 340, 1, 0
1035, 348, 347, 340, 1, 0
1036, 348, 346, 340, 1, 0
1037, 348, 346, 340, 1, 0
1038, 348, 347, 340, 1, 0
1039, 348, 347, 340, 1, 0
1040, 348, 347, 340, 1, 0
1041, 348, 346, 340, 1, 0
1042, 348, 347, 340, 1, 0
1043, 348, 347, 340, 1, 0
1044, 348, 347, 340, 1, 0
1045, 348, 347, 339, 1, 0
1046, 348, 347, 339, 1, 0
1047, 348, 347, 339, 1, 0
1048, 348, 347, 339, 1, 0
1049, 348, 347, 339, 1, 0
1050, 348, 347, 339, 1, 0
1051, 348, 346, 339, 1, 0
1052, 348, 347, 339, 1, 0
1053, 348, 347, 339, 1, 0
1054, 348, 346, 339, 1, 0
1055, 348, 347, 339, 1, 0
1056, 348, 347, 339, 1, 0
1057, 348, 347, 339, 1, 0
1058, 348, 347, 339, 1, 0
1059, 348, 347, 339, 1, 0
1060, 348, 347, 339, 1, 0
1061, 348, 347, 339, 1, 0
1062, 348, 347, 339, 1, 0
1063, 348, 347, 339, 1, 0
1064, 348, 347, 339, 1, 0
1065, 348, 347, 339, 1, 0
1066, 348, 347, 339, 1, 0
1067, 348, 347, 339, 1, 0
1068, 348, 347, 339, 1, 0
1069, 348, 347, 339, 1, 0
1070, 348, 347, 339, 1, 0
1071, 348, 347, 339, 1, 0
1072, 348, 347, 339, 1, 0
1073, 348, 347, 339, 1, 0
1074, 348, 347, 338, 1, 0
1075, 348, 347, 338, 1, 0
1076, 349, 347, 339, 1, 0
1077, 348, 347, 339, 1, 0
1078, 349, 347, 339, 1, 0
1079, 349, 347, 339, 1, 0
1080, 349, 347, 339, 1, 0
1081, 349, 347, 339, 1, 0
1082, 349, 347, 339, 1, 0
1083, 349, 347, 339, 1, 0
1084, 349, 347, 339, 1, 0
1085, 349, 347, 339, 1, 0
1086, 349, 347, 339, 1, 0
1087, 349, 347, 339, 1, 0
1088, 349, 347, 339, 1, 0
1089, 349, 346, 339, 1, 0
1090, 349, 346, 339, 1, 0
1091, 349, 346, 339, 1, 0
1092, 349, 347, 339, 1, 0
1093, 349, 346, 339, 1, 0
1094, 349, 347, 339, 1, 0
1095, 349, 346, 338, 1, 0
1096, 349, 346, 338, 1, 0
1097, 349, 347, 338, 1, 0
1098, 349, 347, 338, 1, 0
1099, 349, 347, 338, 1, 0
1100, 349, 347, 338, 1, 0
1101, 349, 347, 338, 1, 0
1102, 349, 347, 338, 1, 0
1103, 349, 347, 338, 1, 0
1104, 349, 347, 338, 1, 0
1105, 349, 347, 338, 1, 0
1106, 349, 347, 338, 1, 0
1107, 349, 347, 338, 1, 0
1108, 349, 347, 338, 1, 0
1109, 349, 347, 338, 1, 0
1110, 349, 347, 338, 1, 0
1111, 349, 347, 338, 1, 0
1112, 349, 346, 337, 1, 0
1113, 349, 347, 337, 1, 0
1114, 349, 347, 338, 1, 0
1115, 349, 347, 338, 1, 0
1116, 349, 347, 337, 1, 0
1117, 349, 347, 338, 1, 0
1118, 349, 347, 338, 1, 0
1119, 349, 347, 338, 1, 0
1120, 349, 347, 338, 1, 0
1121, 349, 347, 338, 1, 0
1122, 349, 347, 338, 1, 0
1123, 349, 347, 337, 1, 0
1124, 349, 347, 337, 1, 0
1125, 349, 347, 337, 1, 0
1126, 349, 347, 337, 1, 0
1127, 350, 347, 337, 1, 0
1128, 350, 347, 337, 1, 0
1129, 350, 347, 337, 1, 0
1130, 350, 347, 337, 1, 0
1131, 350, 347, 338, 1, 0
1132, 350, 347, 337, 1, 0
1133, 350, 347, 337, 1, 0
1134, 350, 347, 337, 1, 0
1135, 350, 347, 337, 1, 0
1136, 350, 347, 337, 1, 0
1137, 350, 347, 337, 1, 0
1138, 350, 347, 337, 1, 0
1139, 350, 347, 337, 1, 0
1140, 350, 347, 337, 1, 0
1141, 350, 347, 337, 1, 0
1142, 350, 347, 337, 1, 0
1143, 350, 347, 337, 1, 0
1144, 350, 347, 337, 1, 0
1145, 350, 347, 337, 1, 0
1146, 350, 347, 336, 1, 0
1147, 350, 347, 337, 1, 0
1148, 350, 347, 337, 1, 0
1149, 350, 347, 336, 1, 0
1150, 350, 347, 336, 1, 0
1151, 350, 347, 336, 1, 0
1152, 350, 347, 336, 1, 0
1153, 350, 347, 336, 1, 0
1154, 350, 347, 336, 1, 0
1155, 350, 347, 336, 1, 0
1156, 350, 347, 336, 1, 0
1157, 350, 347, 336, 1, 0
1158, 350, 347, 336, 1, 0
1159, 350, 347, 336, 0, 0
1160, 350, 347, 336, 1, 0
1161, 350, 347, 336, 1, 0
1162, 350, 347, 336, 1, 0
1163, 350, 347, 336, 1, 0
1164, 350, 347, 336, 1, 0
1165, 350, 347, 336, 1, 0
1166, 350, 347, 336, 1, 0
1167, 350, 347, 335, 1, 0
1168, 350, 347, 335, 1, 0
1169, 351, 347, 335, 1, 0
1170, 351, 347, 335, 1, 0
1171, 351, 347, 336, 1, 0
1172, 351, 347, 335, 1, 0
1173, 351, 347, 336, 1, 0
1174, 351, 347, 336, 1, 0
1175, 351, 347, 336, 1, 0
1176, 351, 347, 336, 1, 0
1177, 351, 347, 336, 1, 0
1178, 351, 347, 336, 1, 0
1179, 351, 347, 336, 1, 0
1180, 351, 347, 336, 1, 0
1181, 351, 347, 336, 1, 0
1182, 351, 347, 336, 1, 0
1183, 351, 347, 336, 1, 0
1184, 351, 347, 336, 1, 0
1185, 351, 347, 336, 1, 0
1186, 351, 348, 336, 1, 0
1187, 351, 348, 336, 1, 0
1188, 352, 347, 336, 1, 0
1189, 352, 347, 336, 1, 0
1190, 352, 348, 336, 1, 0
1191, 352, 348, 336, 1, 0
1192, 352, 348, 336, 1, 0
1193, 352, 348, 336, 1, 0
1194, 352, 348, 336, 1, 0
1195, 352, 348, 336, 1, 0
1196, 352, 348, 336, 1, 0
1197, 352, 348, 336, 1, 0
1198, 352, 348, 336, 1, 0
1199, 352, 348, 336, 1, 0
1200, 352, 348, 336, 1, 0
1201, 352, 348, 336, 1, 0
1202, 352, 348, 336, 1, 0
1203, 352, 348, 336, 1, 0
1204, 352, 348, 336, 1, 0
1205, 352, 348, 336, 1, 0
1206, 352, 348, 336, 1, 0
1207, 353, 348, 337, 1, 0
1208, 352, 348, 336, 1, 0
1209, 353, 348, 337, 1, 0
1210, 353, 348, 336, 1, 0
1211, 353, 348, 336, 1, 0
1212, 353, 348, 336, 1, 0
1213, 353, 348, 336, 1, 0
1214, 353, 348, 336, 1, 0
1215, 353, 348, 336, 1, 0
1216, 353, 348, 336, 1, 0
1217, 353, 348, 337, 1, 0
1218, 353, 348, 336, 1, 0
1219, 353, 348, 336, 1, 0
1220, 353, 348, 336, 1, 0
1221, 353, 348, 336, 1, 0
1222, 353, 348, 336, 1, 0
1223, 353, 348, 336, 1, 0
1224, 353, 348, 336, 1, 0
1225, 353, 348, 336, 1, 0
1226, 353, 348, 336, 1, 0
1227, 353, 348, 336, 1, 0
1228, 353, 348, 336, 1, 0
1229, 353, 348, 336, 1, 0
1230, 353, 348, 336, 1, 0
1231, 353, 349, 336, 1, 0
1232, 353, 348, 336, 1, 0
1233, 353, 349, 336, 1, 0
1234, 353, 349, 336, 1, 0
1235, 353, 349, 336, 1, 0
1236, 353, 349, 336, 1, 0
1237, 353, 349, 336, 1, 0
1238, 353, 349, 336, 1, 0
1239, 353, 349, 335, 1, 0
1240, 353, 349, 335, 1, 0
1241, 353, 349, 335, 1, 0
1242, 353, 349, 336, 1, 0
1243, 353, 349, 336, 1, 0
1244, 353, 349, 335, 1, 0
1245, 354, 349, 336, 1, 0
1246, 354, 349, 335, 1, 0
1247, 354, 349, 336, 1, 0
1248, 354, 349, 335, 1, 0
1249, 354, 349, 336, 1, 0
1250, 354, 349, 335, 1, 0
1251, 354, 349, 336, 1, 0
1252, 354, 349, 335, 1, 0
1253, 354, 349, 336, 1, 0
1254, 354, 349, 336, 1, 0
1255, 354, 350, 336, 1, 0
1256, 354, 350, 336, 1, 0
1257, 354, 350, 336, 1, 0
1258, 354, 350, 335, 1, 0
1259, 354, 350, 336, 1, 0
1260, 354, 350, 336, 1, 0
1261, 354, 350, 336, 1, 0
1262, 354, 350, 336, 1, 0
1263, 354, 350, 336, 1, 0
1264, 354, 350, 336, 1, 0
1265, 354, 350, 336, 1, 0
1266, 354, 350, 336, 1, 0
1267, 354, 350, 335, 1, 0
1268, 354, 350, 335, 1, 0
1269, 354, 350, 336, 1, 0
1270, 354, 350, 336, 1, 0
1271, 355, 350, 336, 1, 0
1272, 355, 350, 336, 1, 0
1273, 355, 351, 336, 1, 0
1274, 355, 351, 336, 1, 0
1275, 355, 350, 336, 1, 0
1276, 355, 351, 336, 1, 0
1277, 355, 351, 336, 1, 0
1278, 355, 351, 336, 1, 0
1279, 355, 351, 336, 1, 0
1280, 355, 351, 336, 1, 0
1281, 355, 351, 336, 1, 0
1282, 355, 351, 336, 1, 0
1283, 355, 351, 336, 1, 0
1284, 355, 351, 336, 1, 0
1285, 355, 351, 336, 1, 0
1286, 355, 351, 336, 1, 0
1287, 355, 351, 336, 1, 0
1288, 355, 351, 336, 1, 0
1289, 355, 351, 336, 1, 0
1290, 355, 351, 336, 1, 0
1291, 355, 351, 336, 1, 0
1292, 355, 351, 336, 1, 0
1293, 355, 351, 336, 1, 0
1294, 355, 351, 336, 1, 0
1295, 355, 351, 336, 1, 0
1296, 355, 351, 336, 1, 0
1297, 355, 351, 336, 1, 0
1298, 355, 352, 336, 1, 0
1299, 355, 352, 336, 1, 0
1300, 355, 352, 336, 1, 0
1301, 355, 352, 336, 1, 0
1302, 355, 352, 335, 1, 0
1303, 355, 352, 335, 1, 0
1304, 355, 352, 335, 1, 0
1305, 355, 352, 336, 1, 0
1306, 355, 352, 335, 1, 0
1307, 355, 352, 335, 1, 0
1308, 355, 352, 336, 1, 0
1309, 355, 352, 335, 1, 0
1310, 355, 352, 335, 1, 0
1311, 355, 352, 335, 1, 0
1312, 355, 352, 335, 1, 0
1313, 355, 352, 335, 1, 0
1314, 355, 352, 335, 1, 0
1315, 355, 352, 335, 1, 0
1316, 355, 352, 335, 1, 0
1317, 355, 352, 335, 1, 0
1318, 355, 352, 334, 1, 0
1319, 355, 352, 334, 1, 0
1320, 355, 352, 334, 1, 0
1321, 355, 352, 334, 1, 0
1322, 355, 352, 334, 1, 0
1323, 355, 352, 334, 1, 0
1324, 355, 352, 334, 1, 0
1325, 355, 352, 334, 1, 0
1326, 355, 352, 334, 1, 0
1327, 355, 352, 334, 1, 0
1328, 355, 352, 334, 1, 0
1329, 355, 352, 334, 1, 0
1330, 355, 352, 333, 1, 0
1331, 355, 352, 334, 1, 0
1332, 355, 352, 333, 1, 0
1333, 355, 353, 334, 1, 0
1334, 355, 353, 334, 1, 0
1335, 355, 352, 334, 1, 0
1336, 355, 352, 334, 1, 0
1337, 355, 353, 334, 1, 0
1338, 355, 353, 334, 1, 0
1339, 355, 353, 334, 1, 0
1340, 355, 352, 334, 1, 0
1341, 355, 352, 334, 1, 0
1342, 355, 353, 333, 1, 0
1343, 355, 353, 333, 1, 0
1344, 355, 353, 333, 1, 0
1345, 355, 353, 333, 1, 0
1346, 355, 353, 333, 1, 0
1347, 355, 353, 333, 1, 0
1348, 355, 353, 333, 1, 0
1349, 355, 353, 333, 1, 0
1350, 355, 353, 333, 1, 0
1351, 355, 353, 333, 1, 0
1352, 355, 353, 333, 1, 0
1353, 356, 353, 333, 1, 0
1354, 356, 353, 333, 1, 0
1355, 356, 353, 333, 1, 0
1356, 355, 353, 333, 1, 0
1357, 355, 353, 333, 1, 0
1358, 355, 353, 333, 1, 0
1359, 355, 353, 333, 1, 0
1360, 356, 353, 333, 1, 0
1361, 355, 353, 333, 1, 0
1362, 355, 353, 333, 1, 0
1363, 355, 353, 333, 1, 0
1364, 355, 353, 333, 1, 0
1365, 355, 353, 332, 1, 0
1366, 355, 353, 332, 1, 0
1367, 355, 354, 332, 1, 0
1368, 355, 353, 332, 1, 0
1369, 355, 353, 332, 1, 0
1370, 355, 353, 332, 1, 0
1371, 355, 353, 332, 1, 0
1372, 355, 353, 332, 1, 0
1373, 355, 353, 332, 1, 0
1374, 355, 354, 332, 1, 0
1375, 355, 354, 332, 1, 0
1376, 355, 354, 332, 1, 0
1377, 355, 353, 331, 1, 0
1378, 355, 353, 331, 1, 0
1379, 355, 353, 331, 1, 0
1380, 355, 353, 331, 1, 0
1381, 355, 353, 331, 1, 0
1382, 355, 353, 331, 1, 0
1383, 355, 353, 331, 1, 0
1384, 355, 353, 331, 1, 0
1385, 356, 353, 332, 1, 0
1386, 356, 353, 332, 1, 0
1387, 356, 353, 332, 1, 0
1388, 356, 353, 331, 1, 0
1389, 356, 353, 331, 1, 0
1390, 356, 353, 331, 1, 0
1391, 356, 353, 331, 1, 0
1392, 356, 353, 331, 1, 0
1393, 356, 353, 331, 1, 0
1394, 356, 353, 331, 1, 0
1395, 356, 353, 331, 1, 0
1396, 356, 353, 331, 1, 0
1397, 356, 353, 331, 1, 0
1398, 356, 353, 331, 1, 0
1399, 356, 353, 331, 1, 0
1400, 356, 353, 331, 1, 0
1401, 356, 353, 331, 1, 0
1402, 356, 352, 331, 1, 0
1403, 356, 352, 331, 1, 0
1404, 356, 352, 331, 1, 0
1405, 356, 352, 331, 1, 0
1406, 356, 352, 331, 1, 0
1407, 356, 352, 330, 1, 0
1408, 356, 352, 330, 1, 0
1409, 356, 352, 331, 1, 0
1410, 356, 352, 330, 1, 0
1411, 356, 352, 330, 1, 0
1412, 356, 352, 331, 1, 0
1413, 356, 352, 331, 1, 0
1414, 356, 352, 330, 1, 0
1415, 356, 353, 331, 1, 0
1416, 356, 353, 331, 1, 0
1417, 356, 353, 331, 1, 0
1418, 356, 352, 331, 1, 0
1419, 356, 352, 331, 1, 0
1420, 356, 353, 331, 1, 0
1421, 356, 353, 331, 1, 0
1422, 356, 352, 331, 1, 0
1423, 356, 353, 331, 1, 0
1424, 356, 353, 331, 1, 0
1425, 356, 353, 331, 1, 0
1426, 356, 353, 331, 1, 0
1427, 356, 353, 331, 1, 0
1428, 356, 353, 331, 1, 0
1429, 356, 353, 331, 1, 0
1430, 356, 353, 331, 1, 0
1431, 356, 353, 331, 1, 0
1432, 356, 353, 331, 1, 0
1433, 356, 353, 331, 1, 0
1434, 356, 353, 331, 1, 0
1435, 356, 353, 331, 1, 0
1436, 357, 353, 331, 1, 0
1437, 357, 353, 331, 1, 0
1438, 357, 353, 331, 1, 0
1439, 357, 353, 331, 1, 0
1440, 356, 353, 331, 1, 0
1441, 357, 353, 331, 1, 0
1442, 357, 353, 331, 1, 0
1443, 356, 353, 331, 1, 0
1444, 357, 353, 331, 1, 0
1445, 357, 353, 331, 1, 0
1446, 356, 353, 330, 1, 0
1447, 356, 353, 330, 1, 0
1448, 357, 353, 331, 1, 0
1449, 357, 353, 331, 1, 0
1450, 357, 353, 331, 1, 0
1451, 356, 353, 330, 1, 0
1452, 357, 353, 331, 1, 0
1453, 357, 353, 331, 1, 0
1454, 357, 353, 330, 1, 0
1455, 357, 353, 331, 1, 0
1456, 357, 353, 331, 1, 0
1457, 357, 354, 331, 1, 0
1458, 357, 354, 331, 1, 0
1459, 357, 354, 331, 1, 0
1460, 357, 354, 331, 1, 0
1461, 357, 354, 331, 1, 0
1462, 357, 354, 331, 1, 0
1463, 357, 354, 331, 1, 0
1464, 357, 354, 331, 1, 0
1465, 357, 354, 331, 1, 0
1466, 357, 354, 330, 1, 0
1467, 357, 354, 330, 1, 0
1468, 357, 354, 330, 1, 0
1469, 357, 354, 330, 1, 0
1470, 357, 354, 330, 1, 0
1471, 357, 354, 330, 1, 0
1472, 357, 354, 330, 1, 0
1473, 357, 354, 330, 1, 0
1474, 357, 354, 330, 1, 0
1475, 357, 354, 330, 1, 0
1476, 357, 354, 330, 1, 0
1477, 357, 354, 330, 1, 0
1478, 357, 355, 330, 1, 0
1479, 357, 355, 330, 1, 0
1480, 357, 355, 330, 1, 0
1481, 357, 355, 330, 1, 0
1482, 357, 355, 330, 1, 0
1483, 357, 355, 330, 1, 0
1484, 357, 355, 329, 1, 0
1485, 357, 355, 329, 1, 0
1486, 357, 355, 330, 1, 0
1487, 357, 355, 329, 1, 0
1488, 357, 355, 329, 1, 0
1489, 357, 355, 329, 1, 0
1490, 357, 355, 329, 1, 0
1491, 357, 355, 329, 1, 0
1492, 357, 355, 329, 1, 0
1493, 357, 355, 329, 1, 0
1494, 357, 355, 329, 1, 0
1495, 357, 355, 329, 1, 0
1496, 357, 355, 329, 1, 0
1497, 357, 355, 329, 1, 0
1498, 357, 355, 329, 1, 0
1499, 357, 355, 329, 1, 0
1500, 357, 355, 329, 1, 0
1501, 357, 355, 329, 1, 0
1502, 357, 355, 329, 1, 0
1503, 357, 355, 329, 1, 0
1504, 357, 355, 329, 1, 0
1505, 357, 355, 329, 1, 0
1506, 357, 355, 329, 1, 0
1507, 357, 355, 328, 1, 0
1508, 357, 355, 328, 1, 0
1509, 357, 355, 328, 1, 0
1510, 357, 355, 328, 1, 0
1511, 357, 355, 328, 1, 0
1512, 357, 355, 328, 1, 0
1513, 357, 355, 328, 1, 0
1514, 358, 355, 329, 1, 0
1515, 358, 355, 329, 1, 0
1516, 358, 356, 328, 1, 0
1517, 358, 355, 329, 1, 0
1518, 358, 356, 328, 1, 0
1519, 358, 355, 328, 1, 0
1520, 358, 355, 328, 1, 0
1521, 358, 355, 328, 1, 0
1522, 358, 356, 328, 1, 0
1523, 358, 356, 328, 1, 0
1524, 358, 355, 328, 1, 0
1525, 358, 355, 328, 1, 0
1526, 358, 355, 328, 1, 0
1527, 358, 356, 329, 1, 0
1528, 359, 356, 329, 1, 0
1529, 359, 356, 328, 1, 0
1530, 359, 356, 328, 1, 0
1531, 359, 356, 328, 1, 0
1532, 359, 356, 328, 1, 0
1533, 359, 356, 328, 1, 0
1534, 359, 356, 328, 1, 0
1535, 359, 356, 329, 1, 0
1536, 359, 356, 329, 1, 0
1537, 359, 356, 329, 1, 0
1538, 359, 356, 328, 1, 0
1539, 359, 356, 329, 1, 0
1540, 359, 356, 329, 1, 0
1541, 359, 356, 329, 1, 0
1542, 359, 356, 329, 1, 0
1543, 359, 356, 329, 1, 0
1544, 359, 356, 329, 1, 0
1545, 359, 356, 329, 1, 0
1546, 359, 356, 329, 1, 0
1547, 359, 356, 329, 1, 0
1548, 359, 356, 329, 1, 0
1549, 359, 356, 329, 1, 0
1550, 359, 356, 329, 1, 0
1551, 359, 356, 329, 1, 0
1552, 359, 356, 330, 1, 0
1553, 359, 356, 329, 1, 0
1554, 359, 356, 330, 1, 0
1555, 359, 356, 330, 1, 0
1556, 359, 356, 330, 1, 0
1557, 359, 356, 330, 1, 0
1558, 359, 356, 330, 1, 0
1559, 359, 356, 330, 1, 0
1560, 359, 356, 330, 1, 0
1561, 359, 356, 330, 1, 0
1562, 359, 356, 330, 1, 0
1563, 359, 356, 330, 1, 0
1564, 359, 356, 330, 1, 0
1565, 359, 356, 330, 1, 0
1566, 359, 356, 329, 1, 0
1567, 360, 356, 330, 1, 0
1568, 360, 356, 330, 1, 0
1569, 360, 356, 330, 1, 0
1570, 360, 356, 330, 1, 0
1571, 360, 356, 330, 1, 0
1572, 360, 356, 330, 1, 0
1573, 360, 356, 330, 1, 0
1574, 360, 356, 330, 1, 0
1575, 360, 356, 330, 1, 0
1576, 360, 356, 330, 1, 0
1577, 360, 356, 330, 1, 0
1578, 360, 356, 330, 1, 0
1579, 360, 356, 330, 1, 0
1580, 360, 356, 330, 1, 0
1581, 360, 356, 330, 1, 0
1582, 360, 356, 330, 1, 0
1583, 360, 356, 330, 1, 0
1584, 360, 356, 330, 1, 0
1585, 360, 356, 330, 1, 0
1586, 360, 356, 330, 1, 0
1587, 360, 356, 330, 1, 0
1588, 360, 356, 330, 1, 0
1589, 360, 356, 330, 1, 0
1590, 360, 356, 330, 1, 0
1591, 360, 356, 330, 1, 0
1592, 360, 357, 330, 1, 0
1593, 360, 356, 330, 1, 0
1594, 360, 357, 330, 1, 0
1595, 360, 357, 330, 1, 0
1596, 360, 357, 330, 1, 0
1597, 360, 356, 330, 1, 0
1598, 360, 356, 330, 1, 0
1599, 360, 357, 330, 1, 0
1600, 360, 357, 330, 1, 0
1601, 360, 357, 329, 1, 0
1602, 360, 357, 329, 1, 0
1603, 360, 356, 329, 1, 0
1604, 360, 356, 329, 1, 0
1605, 360, 356, 329, 1, 0
1606, 361, 356, 329, 1, 0
1607, 361, 356, 329, 1, 0
1608, 361, 357, 329, 1, 0
1609, 361, 356, 329, 1, 0
1610, 361, 357, 329, 1, 0
1611, 361, 357, 329, 1, 0
1612, 361, 356, 329, 1, 0
1613, 361, 357, 329, 1, 0
1614, 361, 357, 329, 1, 0
1615, 361, 356, 329, 1, 0
1616, 361, 357, 329, 1, 0
1617, 361, 357, 329, 1, 0
1618, 361, 357, 329, 1, 0
1619, 361, 357, 329, 1, 0
1620, 361, 356, 329, 1, 0
1621, 361, 357, 329, 1, 0
1622, 361, 357, 329, 1, 0
1623, 361, 357, 329, 1, 0
1624, 361, 357, 329, 1, 0
1625, 361, 357, 329, 1, 0
1626, 361, 357, 329, 1, 0
1627, 361, 357, 329, 1, 0
1628, 362, 357, 329, 1, 0
1629, 362, 357, 329, 1, 0
1630, 362, 357, 328, 1, 0
1631, 362, 357, 329, 1, 0
1632, 362, 357, 328, 1, 0
1633, 362, 357, 329, 1, 0
1634, 362, 357, 328, 1, 0
1635, 362, 357, 328, 1, 0
1636, 362, 357, 328, 1, 0
1637, 362, 357, 328, 1, 0
1638, 362, 357, 328, 1, 0
1639, 362, 357, 328, 1, 0
1640, 362, 357, 328, 1, 0
1641, 362, 357, 328, 1, 0
1642, 362, 357, 328, 1, 0
1643, 362, 357, 328, 1, 0
1644, 362, 357, 328, 1, 0
1645, 362, 357, 327, 1, 0
1646, 362, 357, 327, 1, 0
1647, 362, 357, 327, 1, 0
1648, 362, 357, 328, 1, 0
1649, 362, 357, 328, 1, 0
1650, 362, 357, 327, 1, 0
1651, 362, 357, 327, 1, 0
1652, 362, 357, 327, 1, 0
1653, 362, 357, 327, 1, 0
1654, 362, 357, 327, 1, 0
1655, 362, 357, 327, 1, 0
1656, 362, 357, 327, 1, 0
1657, 362, 357, 327, 1, 0
1658, 362, 357, 326, 1, 0
1659, 362, 357, 327, 1, 0
1660, 362, 357, 326, 1, 0
1661, 362, 357, 326, 1, 0
1662, 362, 357, 326, 1, 0
1663, 362, 357, 326, 1, 0
1664, 362, 357, 326, 1, 0
1665, 362, 357, 326, 1, 0
1666, 362, 357, 326, 1, 0
1667, 362, 357, 326, 1, 0
1668, 362, 357, 326, 1, 0
1669, 362, 357, 326, 1, 0
1670, 362, 357, 326, 1, 0
1671, 363, 357, 326, 1, 0
1672, 363, 357, 326, 1, 0
1673, 363, 357, 326, 1, 0
1674, 363, 357, 326, 1, 0
1675, 363, 357, 326, 1, 0
1676, 363, 357, 326, 1, 0
1677, 363, 357, 326, 1, 0
1678, 363, 357, 326, 1, 0
1679, 363, 357, 326, 1, 0
1680, 363, 357, 326, 1, 0
1681, 363, 358, 326, 1, 0
1682, 363, 357, 325, 1, 0
1683, 363, 357, 325, 1, 0
1684, 363, 357, 325, 1, 0
1685, 363, 357, 325, 1, 0
1686, 363, 358, 325, 1, 0
1687, 363, 357, 325, 1, 0
1688, 363, 357, 325, 1, 0
1689, 363, 357, 325, 1, 0
1690, 363, 357, 325, 1, 0
1691, 363, 357, 325, 1, 0
1692, 363, 357, 325, 1, 0
1693, 363, 357, 325, 1, 0
1694, 363, 357, 325, 1, 0
1695, 364, 357, 325, 1, 0
1696, 364, 357, 325, 1, 0
1697, 364, 357, 325, 1, 0
1698, 363, 358, 325, 1, 0
1699, 364, 357, 325, 1, 0
1700, 364, 358, 325, 1, 0
1701, 364, 358, 325, 1, 0
1702, 364, 358, 325, 1, 0
1703, 364, 358, 325, 1, 0
1704, 364, 358, 325, 1, 0
1705, 364, 358, 325, 1, 0
1706, 364, 358, 324, 1, 0
1707, 364, 358, 324, 1, 0
1708, 364, 358, 324, 1, 0
1709, 364, 358, 324, 1, 0
1710, 364, 358, 324, 1, 0
1711, 364, 357, 324, 1, 0
1712, 364, 358, 324, 1, 0
1713, 364, 358, 324, 1, 0
1714, 364, 358, 324, 1, 0
1715, 364, 358, 324, 1, 0
1716, 364, 358, 324, 1, 0
1717, 364, 358, 324, 1, 0
1718, 364, 358, 324, 1, 0
1719, 364, 358, 324, 1, 0
1720, 364, 358, 324, 1, 0
1721, 364, 358, 323, 1, 0
1722, 364, 358, 324, 1, 0
1723, 364, 358, 324, 1, 0
1724, 364, 358, 324, 1, 0
1725, 364, 358, 324, 1, 0
1726, 364, 358, 323, 1, 0
1727, 364, 358, 323, 1, 0
1728, 364, 358, 324, 1, 0
1729, 364, 358, 324, 1, 0
1730, 364, 358, 323, 1, 0
1731, 364, 358, 323, 1, 0
1732, 364, 358, 323, 1, 0
1733, 364, 358, 323, 1, 0
1734, 364, 358, 323, 1, 0
1735, 364, 358, 323, 1, 0
1736, 364, 358, 323, 1, 0
1737, 364, 358, 323, 1, 0
1738, 364, 358, 323, 1, 0
1739, 364, 358, 322, 1, 0
1740, 364, 358, 323, 1, 0
1741, 364, 358, 323, 1, 0
1742, 364, 358, 322, 1, 0
1743, 364, 358, 322, 1, 0
1744, 364, 358, 322, 1, 0
1745, 364, 359, 322, 1, 0
1746, 364, 358, 322, 1, 0
1747, 364, 358, 322, 1, 0
1748, 364, 359, 323, 1, 0
1749, 364, 359, 323, 1, 0
1750, 364, 359, 322, 1, 0
1751, 364, 358, 322, 1, 0
1752, 364, 359, 322, 1, 0
1753, 364, 359, 322, 1, 0
1754, 364, 359, 322, 1, 0
1755, 364, 359, 322, 1, 0
1756, 364, 359, 322, 1, 0
1757, 364, 359, 322, 1, 0
1758, 364, 359, 322, 1, 0
1759, 364, 359, 322, 1, 0
1760, 364, 359, 322, 1, 0
1761, 364, 359, 322, 1, 0
1762, 364, 359, 322, 1, 0
1763, 364, 359, 322, 1, 0
1764, 364, 359, 321, 1, 0
1765, 364, 359, 321, 1, 0
1766, 364, 359, 322, 1, 0
1767, 364, 359, 322, 1, 0
1768, 364, 359, 322, 1, 0
1769, 364, 359, 321, 1, 0
1770, 364, 359, 321, 1, 0
1771, 364, 359, 321, 1, 0
1772, 364, 359, 320, 1, 0
1773, 364, 359, 321, 1, 0
1774, 364, 359, 320, 1, 0
1775, 364, 359, 320, 1, 0
1776, 364, 359, 320, 1, 0
1777, 364, 359, 320, 1, 0
1778, 364, 359, 320, 1, 0
1779, 364, 359, 320, 1, 0
1780, 364, 359, 320, 1, 0
1781, 364, 359, 320, 1, 0
1782, 364, 359, 320, 1, 0
1783, 364, 359, 320, 1, 0
1784, 364, 359, 320, 1, 0
1785, 364, 359, 320, 1, 0
1786, 364, 359, 320, 1, 0
1787, 365, 359, 320, 1, 0
1788, 365, 359, 320, 1, 0
1789, 365, 359, 320, 1, 0
1790, 365, 359, 320, 1, 0
1791, 365, 359, 320, 1, 0
1792, 365, 359, 320, 1, 0
1793, 365, 359, 320, 1, 0
1794, 365, 359, 319, 1, 0
1795, 365, 359, 319, 1, 0
1796, 365, 359, 319, 1, 0
1797, 365, 359, 319, 1, 0
1798, 365, 359, 319, 1, 0
1799, 365, 359, 319, 1, 0
1800, 365, 360, 319, 1, 0
1801, 365, 359, 319, 1, 0
1802, 365, 359, 319, 1, 0
1803, 365, 359, 319, 1, 0
1804, 365, 360, 319, 1, 0
1805, 365, 360, 319, 1, 0
1806, 365, 360, 319, 1, 0
1807, 365, 360, 319, 1, 0
1808, 365, 360, 319, 1, 0
1809, 365, 360, 319, 1, 0
1810, 365, 360, 319, 1, 0
1811, 365, 360, 319, 1, 0
1812, 365, 360, 319, 1, 0
1813, 365, 360, 319, 1, 0
1814, 365, 360, 319, 1, 0
1815, 365, 360, 319, 1, 0
1816, 365, 360, 319, 1, 0
1817, 365, 360, 319, 1, 0
1818, 365, 360, 319, 1, 0
1819, 365, 360, 319, 1, 0
1820, 365, 360, 319, 1, 0
1821, 365, 360, 319, 1, 0
1822, 365, 360, 319, 1, 0
1823, 365, 360, 319, 1, 0
1824, 366, 360, 319, 1, 0
1825, 366, 360, 319, 1, 0
1826, 366, 360, 319, 1, 0
1827, 366, 360, 319, 1, 0
1828, 366, 360, 319, 1, 0
1829, 366, 360, 319, 1, 0
1830, 366, 360, 319, 1, 0
1831, 366, 360, 319, 1, 0
1832, 366, 360, 319, 1, 0
1833, 365, 360, 318, 1, 0
1834, 366, 360, 318, 1, 0
1835, 366, 360, 318, 1, 0
1836, 366, 360, 319, 1, 0
1837, 366, 360, 318, 1, 0
1838, 366, 360, 319, 1, 0
1839, 366, 360, 318, 1, 0
1840, 366, 360, 319, 1, 0
1841, 366, 360, 318, 1, 0
1842, 366, 360, 319, 1, 0
1843, 366, 360, 318, 1, 0
1844, 366, 361, 319, 1, 0
1845, 366, 361, 319, 1, 0
1846, 366, 361, 319, 1, 0
1847, 366, 361, 319, 1, 0
1848, 366, 361, 318, 1, 0
1849, 366, 361, 318, 1, 0
1850, 366, 361, 318, 1, 0
1851, 366, 361, 318, 1, 0
